<?xml version="1.0" encoding="UTF-8"?>
<office:document-content xmlns:office="urn:oasis:names:tc:opendocument:xmlns:office:1.0" xmlns:style="urn:oasis:names:tc:opendocument:xmlns:style:1.0" xmlns:text="urn:oasis:names:tc:opendocument:xmlns:text:1.0" xmlns:table="urn:oasis:names:tc:opendocument:xmlns:table:1.0" xmlns:draw="urn:oasis:names:tc:opendocument:xmlns:drawing:1.0" xmlns:fo="urn:oasis:names:tc:opendocument:xmlns:xsl-fo-compatible:1.0" xmlns:xlink="http://www.w3.org/1999/xlink" xmlns:dc="http://purl.org/dc/elements/1.1/" xmlns:meta="urn:oasis:names:tc:opendocument:xmlns:meta:1.0" xmlns:number="urn:oasis:names:tc:opendocument:xmlns:datastyle:1.0" xmlns:presentation="urn:oasis:names:tc:opendocument:xmlns:presentation:1.0" xmlns:svg="urn:oasis:names:tc:opendocument:xmlns:svg-compatible:1.0" xmlns:chart="urn:oasis:names:tc:opendocument:xmlns:chart:1.0" xmlns:dr3d="urn:oasis:names:tc:opendocument:xmlns:dr3d:1.0" xmlns:math="http://www.w3.org/1998/Math/MathML" xmlns:form="urn:oasis:names:tc:opendocument:xmlns:form:1.0" xmlns:script="urn:oasis:names:tc:opendocument:xmlns:script:1.0" xmlns:ooo="http://openoffice.org/2004/office" xmlns:ooow="http://openoffice.org/2004/writer" xmlns:oooc="http://openoffice.org/2004/calc" xmlns:dom="http://www.w3.org/2001/xml-events" xmlns:xforms="http://www.w3.org/2002/xforms" xmlns:xsd="http://www.w3.org/2001/XMLSchema" xmlns:xsi="http://www.w3.org/2001/XMLSchema-instance" xmlns:rpt="http://openoffice.org/2005/report" xmlns:of="urn:oasis:names:tc:opendocument:xmlns:of:1.2" xmlns:xhtml="http://www.w3.org/1999/xhtml" xmlns:grddl="http://www.w3.org/2003/g/data-view#" xmlns:tableooo="http://openoffice.org/2009/table" xmlns:field="urn:openoffice:names:experimental:ooo-ms-interop:xmlns:field:1.0" xmlns:formx="urn:openoffice:names:experimental:ooxml-odf-interop:xmlns:form:1.0" xmlns:css3t="http://www.w3.org/TR/css3-text/" office:version="1.2"><office:scripts/><office:font-face-decls><style:font-face style:name="Arial1" svg:font-family="Arial" style:font-family-generic="swiss"/><style:font-face style:name="Arial" svg:font-family="Arial" style:font-family-generic="swiss" style:font-pitch="variable"/><style:font-face style:name="Arial Unicode MS" svg:font-family="&apos;Arial Unicode MS&apos;" style:font-family-generic="system" style:font-pitch="variable"/><style:font-face style:name="Tahoma" svg:font-family="Tahoma" style:font-family-generic="system" style:font-pitch="variable"/></office:font-face-decls><office:automatic-styles><style:style style:name="co1" style:family="table-column"><style:table-column-properties fo:break-before="auto" style:column-width="2.267cm"/></style:style><style:style style:name="ro1" style:family="table-row"><style:table-row-properties style:row-height="0.497cm" fo:break-before="auto" style:use-optimal-row-height="true"/></style:style><style:style style:name="ro2" style:family="table-row"><style:table-row-properties style:row-height="0.441cm" fo:break-before="auto" style:use-optimal-row-height="true"/></style:style><style:style style:name="ta1" style:family="table" style:master-page-name="PageStyle_5f_Sheet1"><style:table-properties table:display="true" style:writing-mode="lr-tb"/></style:style><style:style style:name="ta2" style:family="table" style:master-page-name="PageStyle_5f_Sheet2"><style:table-properties table:display="true" style:writing-mode="lr-tb"/></style:style><style:style style:name="ta3" style:family="table" style:master-page-name="PageStyle_5f_Sheet3"><style:table-properties table:display="true" style:writing-mode="lr-tb"/></style:style><style:style style:name="ce1" style:family="table-cell" style:parent-style-name="Default"><style:table-cell-properties fo:padding="0.071cm"/></style:style></office:automatic-styles><office:body><office:spreadsheet><table:calculation-settings table:case-sensitive="false" table:use-regular-expressions="false"/><table:table table:name="Sheet1" table:style-name="ta1"><office:forms form:automatic-focus="false" form:apply-design-mode="false"/><table:table-column table:style-name="co1" table:number-columns-repeated="1024" table:default-cell-style-name="Default"/><table:table-row table:style-name="ro1"><table:table-cell/><table:table-cell office:value-type="float" office:value="1"><text:p>1</text:p></table:table-cell><table:table-cell office:value-type="string"><text:p>.5</text:p></table:table-cell><table:table-cell table:number-columns-repeated="1021"/></table:table-row><table:table-row table:style-name="ro1"><table:table-cell/><table:table-cell office:value-type="float" office:value="1"><text:p>1</text:p></table:table-cell><table:table-cell office:value-type="string"><text:p>.5</text:p></table:table-cell><table:table-cell table:number-columns-repeated="1021"/></table:table-row><table:table-row table:style-name="ro1"><table:table-cell/><table:table-cell office:value-type="float" office:value="2"><text:p>2</text:p></table:table-cell><table:table-cell office:value-type="string"><text:p>.5</text:p></table:table-cell><table:table-cell table:number-columns-repeated="1021"/></table:table-row><table:table-row table:style-name="ro1"><table:table-cell/><table:table-cell office:value-type="float" office:value="3"><text:p>3</text:p></table:table-cell><table:table-cell office:value-type="string"><text:p>.33</text:p></table:table-cell><table:table-cell table:number-columns-repeated="1021"/></table:table-row><table:table-row table:style-name="ro1"><table:table-cell/><table:table-cell office:value-type="float" office:value="45"><text:p>45</text:p></table:table-cell><table:table-cell office:value-type="string"><text:p>.33</text:p></table:table-cell><table:table-cell table:number-columns-repeated="1021"/></table:table-row><table:table-row table:style-name="ro1"><table:table-cell/><table:table-cell office:value-type="float" office:value="6"><text:p>6</text:p></table:table-cell><table:table-cell office:value-type="string"><text:p>.33</text:p></table:table-cell><table:table-cell table:number-columns-repeated="1021"/></table:table-row><table:table-row table:style-name="ro1"><table:table-cell/><table:table-cell office:value-type="float" office:value="7"><text:p>7</text:p></table:table-cell><table:table-cell office:value-type="string"><text:p>.1</text:p></table:table-cell><table:table-cell table:number-columns-repeated="1021"/></table:table-row><table:table-row table:style-name="ro1"><table:table-cell/><table:table-cell office:value-type="float" office:value="7"><text:p>7</text:p></table:table-cell><table:table-cell office:value-type="string"><text:p>.33</text:p></table:table-cell><table:table-cell table:number-columns-repeated="1021"/></table:table-row><table:table-row table:style-name="ro1"><table:table-cell/><table:table-cell office:value-type="float" office:value="7"><text:p>7</text:p></table:table-cell><table:table-cell office:value-type="string"><text:p>.64</text:p></table:table-cell><table:table-cell table:number-columns-repeated="1021"/></table:table-row><table:table-row table:style-name="ro1"><table:table-cell/><table:table-cell office:value-type="float" office:value="7"><text:p>7</text:p></table:table-cell><table:table-cell office:value-type="string"><text:p>.1</text:p></table:table-cell><table:table-cell table:number-columns-repeated="1021"/></table:table-row><table:table-row table:style-name="ro1"><table:table-cell/><table:table-cell office:value-type="float" office:value="774"><text:p>774</text:p></table:table-cell><table:table-cell office:value-type="string"><text:p>.536</text:p></table:table-cell><table:table-cell table:number-columns-repeated="1021"/></table:table-row><table:table-row table:style-name="ro1"><table:table-cell/><table:table-cell office:value-type="float" office:value="33"><text:p>33</text:p></table:table-cell><table:table-cell office:value-type="string"><text:p>.6</text:p></table:table-cell><table:table-cell table:number-columns-repeated="1021"/></table:table-row><table:table-row table:style-name="ro1"><table:table-cell/><table:table-cell office:value-type="float" office:value="2"><text:p>2</text:p></table:table-cell><table:table-cell office:value-type="string"><text:p>.6</text:p></table:table-cell><table:table-cell table:number-columns-repeated="1021"/></table:table-row><table:table-row table:style-name="ro1"><table:table-cell/><table:table-cell office:value-type="float" office:value="53"><text:p>53</text:p></table:table-cell><table:table-cell office:value-type="string"><text:p>.34</text:p></table:table-cell><table:table-cell table:number-columns-repeated="1021"/></table:table-row><table:table-row table:style-name="ro1"><table:table-cell/><table:table-cell office:value-type="float" office:value="35"><text:p>35</text:p></table:table-cell><table:table-cell office:value-type="string"><text:p>.34</text:p></table:table-cell><table:table-cell table:number-columns-repeated="1021"/></table:table-row><table:table-row table:style-name="ro1"><table:table-cell/><table:table-cell office:value-type="float" office:value="535"><text:p>535</text:p></table:table-cell><table:table-cell office:value-type="string"><text:p>.34</text:p></table:table-cell><table:table-cell table:number-columns-repeated="1021"/></table:table-row><table:table-row table:style-name="ro1"><table:table-cell/><table:table-cell office:value-type="float" office:value="55"><text:p>55</text:p></table:table-cell><table:table-cell office:value-type="string"><text:p>.2</text:p></table:table-cell><table:table-cell table:number-columns-repeated="1021"/></table:table-row><table:table-row table:style-name="ro1"><table:table-cell/><table:table-cell office:value-type="float" office:value="55"><text:p>55</text:p></table:table-cell><table:table-cell office:value-type="string"><text:p>.34</text:p></table:table-cell><table:table-cell table:number-columns-repeated="1021"/></table:table-row><table:table-row table:style-name="ro1"><table:table-cell/><table:table-cell office:value-type="float" office:value="67"><text:p>67</text:p></table:table-cell><table:table-cell office:value-type="string"><text:p>.65</text:p></table:table-cell><table:table-cell table:number-columns-repeated="1021"/></table:table-row><table:table-row table:style-name="ro1"><table:table-cell/><table:table-cell office:value-type="float" office:value="77"><text:p>77</text:p></table:table-cell><table:table-cell office:value-type="string"><text:p>.2</text:p></table:table-cell><table:table-cell table:number-columns-repeated="1021"/></table:table-row><table:table-row table:style-name="ro1"><table:table-cell/><table:table-cell office:value-type="float" office:value="87"><text:p>87</text:p></table:table-cell><table:table-cell office:value-type="string"><text:p>.537</text:p></table:table-cell><table:table-cell table:number-columns-repeated="1021"/></table:table-row><table:table-row table:style-name="ro1"><table:table-cell/><table:table-cell office:value-type="float" office:value="8"><text:p>8</text:p></table:table-cell><table:table-cell office:value-type="string"><text:p>.7</text:p></table:table-cell><table:table-cell table:number-columns-repeated="1021"/></table:table-row></table:table><table:table table:name="Sheet2" table:style-name="ta2"><table:table-column table:style-name="co1" table:number-columns-repeated="257" table:default-cell-style-name="ce1"/><table:table-column table:style-name="co1" table:number-columns-repeated="767" table:default-cell-style-name="Default"/><table:table-row table:style-name="ro2"><table:table-cell table:number-columns-repeated="1024"/></table:table-row><table:table-row table:style-name="ro1" table:number-rows-repeated="1048574"><table:table-cell table:number-columns-repeated="1024"/></table:table-row><table:table-row table:style-name="ro1"><table:table-cell table:number-columns-repeated="1024"/></table:table-row></table:table><table:table table:name="Sheet3" table:style-name="ta3"><table:table-column table:style-name="co1" table:number-columns-repeated="257" table:default-cell-style-name="ce1"/><table:table-column table:style-name="co1" table:number-columns-repeated="767" table:default-cell-style-name="Default"/><table:table-row table:style-name="ro2"><table:table-cell table:number-columns-repeated="1024"/></table:table-row><table:table-row table:style-name="ro1" table:number-rows-repeated="1048574"><table:table-cell table:number-columns-repeated="1024"/></table:table-row><table:table-row table:style-name="ro1"><table:table-cell table:number-columns-repeated="1024"/></table:table-row></table:table><table:named-expressions/></office:spreadsheet></office:body></office:document-content>