<?xml version="1.0" encoding="UTF-8"?>
<office:document-meta xmlns:office="urn:oasis:names:tc:opendocument:xmlns:office:1.0" xmlns:xlink="http://www.w3.org/1999/xlink" xmlns:dc="http://purl.org/dc/elements/1.1/" xmlns:meta="urn:oasis:names:tc:opendocument:xmlns:meta:1.0" xmlns:ooo="http://openoffice.org/2004/office" xmlns:grddl="http://www.w3.org/2003/g/data-view#" office:version="1.2"><office:meta><meta:initial-creator>Uku-Kaarel Jõesaar</meta:initial-creator><meta:creation-date>2011-01-15T13:21:12</meta:creation-date><dc:creator>Uku-Kaarel Jõesaar</dc:creator><dc:date>2012-03-09T17:40:45</dc:date><meta:editing-cycles>10</meta:editing-cycles><meta:editing-duration>PT1H11M10S</meta:editing-duration><meta:generator>LibreOffice/3.5$MacOSX_x86 LibreOffice_project/7e68ba2-a744ebf-1f241b7-c506db1-7d53735</meta:generator><meta:document-statistic meta:table-count="3" meta:cell-count="44" meta:object-count="0"/></office:meta></office:document-meta>